[
    {
        "group_name": "\u7f16\u7a0b\u8bed\u8a00",
        "keywords": [
            "python",
            "java"
        ],
        "is_collecting": true,
        "created_at": "2025-03-27 21:29:22",
        "data_count": 0,
        "warning_count": 0
    },
    {
        "group_name": "\u6e38\u620f",
        "keywords": [
            "\u5deb\u5e083",
            "\u523a\u5ba2\u4fe1\u6761"
        ],
        "is_collecting": true,
        "created_at": "2025-03-27 21:29:22",
        "data_count": 0,
        "warning_count": 0
    }
]